453313254169657344,453319535290880001,453314745685118976,453321570480848897,453318578008494080,453312219791368192,453315846002061312,453315255964553216,453316363311144960,453320597544525824,453322640627740672,453312869392605184
453310849462337536,453310684764590081,453314145178226689,453322640627740672,453309412833103873,453312219791368192,453314403039858689,453321570480848897,453315173873221632
453320070551183360,453319432526241793,453319021434515458,453319113121615872,453318332028973058,453317506698969088
453306672505958400,453307272719253505,453313010476781568,453306588460101632,453308018919505920
453313542280986624,453314474695356416,453309631117664256,453307774097977344,453314200375681025
453316549152370688,453316363311144960,453314051087814656,453315846002061312,453320597544525824
453325456662888448,453318483254583296,453316083898781696,453317758021677056,453316335770951680
453306672505958400,453307272719253505,453306588460101632,453308018919505920
453317758021677056,453311420428320769,453317018104512512,453321874865258497
453310849462337536,453312869392605184,453318332028973058,453317506698969088
