kann bedrücke findne zu ich würde sagne dachte diesem lizas thema foda verstehen wissne richtig nie nicht dirkie unbezahlbar ja b eher denke welt traune den geirrt,456504101711667200,456551684429197312,456551725642424322,456548660827131904,456555684448837632,456549238940246016,456548952998166528,456481790145089536,456547309753356288,456491601427456000,456549492289208320
verstehen ich findne preetz richtig gerade weiß nicht traune geirrt unbezahlbar ja,456512581986172928,456504542826627072,456503732826427392,456504101711667200,456549238940246016,456551948838514688,456504325510950912,456483625023078400
doof bin ist,456551684429197312,456553653994659840,456551725642424322,456543405284151296,456480363901366272,456524459021578240,456483625023078400
kann aber findne rechte wirklich brauche zu ich dann sagne dachte diesem lizas thema verstehen wissne böse richtig auch doch nicht dirkie nie kleinalexchens ja würde haben welt traune,456561647918653440,456561456842936320,456490832611512320,456524288875831296,456552156087078913,456560594494042112,456490648020189184
linke schlaf träum und schnö sogar eine,456562689095921664,456561647918653440,456514910890246144,456507248425304064
der fck kostengünstige,456504101711667200,456502315248128001,456480069578280960
nachtreten welches wissne noch von nie etwa du meinst,456512581986172928,456504542826627072,456503732826427392
kurz,456512581986172928,456504325510950912,456504101711667200
eindeutigeres ein,456511977402433536,456557099560873984,456502814920163328
prämien wissne noch vereinslos nie spricht er,456504325510950912,456502465203298304,456551207956271104
